{"cameraMode":{"drawMode":0,"name":"Shaded","section":"Shading Mode"},"sceneLighting":false,"audioPlay":false,"sceneViewState":{"showFog":true,"showMaterialUpdate":false,"showSkybox":true,"showFlares":true,"showImageEffects":true,"showParticleSystems":true},"in2DMode":false,"pivot":{"x":6.029133319854736,"y":0.06850767135620117,"z":3.0741987228393556},"rotation":{"x":-0.33847302198410036,"y":0.009030311368405819,"z":-0.0032484002877026798,"w":-0.9409272074699402},"size":3.7142837047576906,"orthographic":false}