{"cameraMode":{"drawMode":0,"name":"Shaded","section":"Shading Mode"},"sceneLighting":true,"audioPlay":false,"sceneViewState":{"showFog":true,"showMaterialUpdate":false,"showSkybox":true,"showFlares":true,"showImageEffects":true,"showParticleSystems":true},"in2DMode":false,"pivot":{"x":-0.8523421287536621,"y":0.12482261657714844,"z":0.9325733184814453},"rotation":{"x":-0.33847302198410036,"y":0.009030311368405819,"z":-0.0032484002877026798,"w":-0.9409272074699402},"size":12.963493347167969,"orthographic":false}